"Longitude","Latitude","bio1","bio2","bio3","bio4","bio5","bio6","bio7","bio8","bio9","bio10","bio11","bio12","bio13","bio14","bio15","bio16","bio17","bio18","bio19"
-87.253796,32.224783,17.8374996185303,13.1583337783813,41.7724876403809,715.078247070312,33.2000007629395,1.70000004768372,31.5,10.4000005722046,23,26.3999996185303,8.83333396911621,1389,166,67,22.8962802886963,438,256,328,412
-83.035222,40.135364,10.8333330154419,11.6333332061768,31.1885623931885,951.764709472656,29.6000003814697,-7.69999980926514,37.2999992370605,20.0499992370605,-1.38333332538605,22.2000007629395,-1.38333332538605,951,105,51,22.4118061065674,307,179,297,179
-88.499401,33.482316,16.8999996185303,12.8833332061768,38.8052215576172,778.556335449219,33,-0.200000002980232,33.2000007629395,12.4499998092651,22.4166660308838,26.2666664123535,7.05000019073486,1413,154,86,19.2570133209229,423,267,297,402
-112.09887,34.230035,18.1000003814697,17.6666660308838,47.491039276123,758.829833984375,38.2000007629395,1,37.2000007629395,27.5499992370605,20.5166664123535,27.6833343505859,9.41666603088379,442,62,7,44.726131439209,154,36,118,133
-87.0180417,35.6695247,14.4583330154419,13.5166664123535,38.3996200561523,833.251647949219,31.8999996185303,-3.29999995231628,35.2000007629395,14.1333332061768,20.4500007629395,24.533332824707,3.93333339691162,1358,147,89,16.0376281738281,403,273,306,347
-86.518198,36.589954,13.8958330154419,11.9416666030884,34.1190452575684,862.305236816406,31.1000003814697,-3.90000009536743,35,13.6833333969116,19.9833335876465,24.25,2.84999990463257,1296,134,78,15.6575355529785,374,258,309,329
-84.67161,30.387945,19.5208339691162,12.5583333969116,44.064323425293,625.348876953125,32.9000015258789,4.40000009536743,28.5000019073486,26.8500003814697,16.033332824707,26.8500003814697,11.5500001907349,1528,194,84,27.3572654724121,518,269,518,351
-84.86585333,32.56522685,17.5625,12.875,41.2660255432129,709.76025390625,32.5999984741211,1.39999997615814,31.1999988555908,10.0666666030884,18.283332824707,26.0833320617676,8.56666660308838,1289,148,61,22.4265098571777,393,235,333,368
-96.494779,32.07507,18.6375007629395,12.8083324432373,37.561092376709,780.673156738281,35.2999992370605,1.20000004768372,34.0999984741211,22.4500007629395,28.033332824707,28.033332824707,8.76666641235352,982,126,51,25.3799705505371,298,193,193,218
-117.793975,34.101116,17.7749996185303,14.6333332061768,52.8279228210449,465.9228515625,32.5999984741211,4.90000009536743,27.6999988555908,13.0833330154419,23.2999992370605,23.8833332061768,12.4333333969116,425,91,1,97.8694152832031,256,5,13,238
-118.979182,35.256692,17.7958335876465,15.2583332061768,45.2769508361816,682.00390625,35.4000015258789,1.70000004768372,33.7000007629395,11.3999996185303,26.0833339691162,26.0833339691162,9.56666660308838,168,34,0,79.4933471679688,91,4,4,75
-119.40322,35.55917,16.9333343505859,15.1333332061768,44.1205062866211,691.593444824219,35.5,1.20000004768372,34.2999992370605,10.6000003814697,25.4333343505859,25.4333343505859,8.64999961853027,180,37,0,84.6533737182617,103,3,3,88
-119.49704,36.123151,17,15.2000007629395,45.7831344604492,682.728515625,35.2000007629395,2,33.2000007629395,10.4833335876465,25.1666679382324,25.1666679382324,8.60000038146973,206,39,0,81.4379043579102,109,3,3,106
-120.243921,37.221041,16.3083343505859,15.6499996185303,46.5773811340332,665.725280761719,35,1.39999997615814,33.5999984741211,9.94999980926514,24.25,24.25,8.13333320617676,332,59,1,83.8177719116211,173,4,4,160
-121.022255,37.722175,16.6875,14.3083333969116,45.423282623291,634.755249023438,34.2999992370605,2.79999995231628,31.5,10.6166667938232,24.216667175293,24.216667175293,8.8333330154419,317,58,1,84.9216384887695,162,5,5,152
-121.24064,38.203687,15.7916669845581,14.8166666030884,47.642017364502,606.022155761719,33.2999992370605,2.20000004768372,31.0999984741211,10.0500001907349,22.9333324432373,22.9333324432373,8.26666641235352,481,96,2,87.8015213012695,261,8,8,248
-113.52938,37.062871,16.9541664123535,17.2083339691162,41.2669868469238,912.911071777344,39.2000007629395,-2.5,41.7000007629395,8.3333330154419,21.2666664123535,28.3999996185303,5.96666669845581,219,31,5,41.7425079345703,88,27,42,71
-98.59487,38.853901,12.4583330154419,14.0500001907349,33.136791229248,1031.32043457031,33.7999992370605,-8.60000038146973,42.4000015258789,22.4833335876465,-0.433333396911621,25.1333332061768,-0.433333396911621,673,99,15,52.679126739502,276,54,259,54
-98.187627,38.493199,12.5500001907349,13.4666662216187,32.2941665649414,1027.25805664062,33.5999984741211,-8.10000038146973,41.6999969482422,22.533332824707,-0.250000089406967,25.2000007629395,-0.250000089406967,703,102,14,51.8305206298828,290,57,269,57
-98.087387,37.974254,13.2833337783813,13.3833332061768,32.4051666259766,1016.95697021484,34.2000007629395,-7.09999990463257,41.2999992370605,23.1333332061768,0.583333432674408,25.783332824707,0.583333432674408,729,108,15,50.0579681396484,291,62,273,62
-97.281279,37.803326,13.5333337783813,12.5,31.0945281982422,1003.90673828125,33.5999984741211,-6.59999990463257,40.1999969482422,23.1499996185303,0.833333253860474,25.716667175293,0.833333253860474,818,119,21,45.6981964111328,315,78,286,78
-97.614886,38.630398,13.0416669845581,13.1499996185303,31.68674659729,1026.05346679688,33.9000015258789,-7.59999990463257,41.5,23,0.150000020861626,25.6000003814697,0.150000020861626,758,113,19,50.4197883605957,312,68,279,68
-96.863634,39.014661,12.658332824707,12.9333333969116,31.1646595001221,1039.05297851562,33.0999984741211,-8.39999961853027,41.5,22.7333335876465,-0.566666662693024,25.2333335876465,-0.566666662693024,856,135,19,52.1106071472168,350,69,319,69
-93.820249,38.395177,12.6624994277954,12.408332824707,31.0985813140869,992.625366210938,32.0999984741211,-7.80000019073486,39.8999977111816,17.8833332061768,-0.183333396911621,24.4833335876465,-0.183333396911621,1042,126,37,33.950855255127,352,133,314,133
-93.41276,37.555369,12.9250001907349,12.4499998092651,32.421875,939.328796386719,31.6000003814697,-6.80000019073486,38.4000015258789,17.6666660308838,0.883333325386047,24.1833343505859,0.883333325386047,1092,125,42,27.9858932495117,350,166,297,166
-92.420787,37.13527,12.75,12.3000001907349,32.9758720397949,907.133361816406,31,-6.30000019073486,37.2999992370605,17.3833332061768,1.11666667461395,23.6166667938232,1.11666667461395,1115,121,52,21.3653373718262,333,197,283,197
-91.324114,36.269959,14.5083332061768,13.4833335876465,35.8599281311035,880.15966796875,33.2000007629395,-4.40000009536743,37.6000022888184,14.5,25.0833339691162,25.0833339691162,3.21666669845581,1184,125,76,17.4747161865234,350,253,253,269
-90.576364,35.678394,15.6499996185303,11.533332824707,32.7651519775391,882.712768554688,33.0999984741211,-2.09999990463257,35.1999969482422,15.7333335876465,26.2333335876465,26.2333335876465,4.34999990463257,1213,131,74,20.9035816192627,383,238,238,296
-81.6265525,39.0249441,11.7250003814697,12.7333335876465,35.9698677062988,866.957885742188,29.5,-5.90000009536743,35.4000015258789,20.1499996185303,0.649999916553497,22.1333332061768,0.649999916553497,1112,122,77,13.7953834533691,321,242,319,242
-98.49152,40.78734,10.1499996185303,13.4833335876465,31.8754920959473,1062.14624023438,31.2000007629395,-11.1000003814697,42.3000030517578,20.716667175293,-3.21666669845581,23.0833339691162,-3.21666669845581,670,107,12,57.417854309082,287,45,256,45
-85.243019,39.61004,10.4624996185303,11.4916667938232,30.9748420715332,951.367736816406,28.8999996185303,-8.19999980926514,37.0999984741211,19.7333335876465,-1.83333337306976,21.7333335876465,-1.83333337306976,1082,123,64,20.8269500732422,339,210,311,210
-86.57307,38.780345,12.0833330154419,12.3666667938232,33.2437286376953,931.987915039062,30.5,-6.69999980926514,37.2000007629395,11.75,0.050000112503767,23.2000007629395,0.050000112503767,1167,127,71,18.3623294830322,348,232,320,232
-87.153139,37.62723,13.5458335876465,12.1750001907349,33.5399475097656,910.869873046875,31.3999996185303,-4.90000009536743,36.2999992370605,13.3666667938232,20.0166664123535,24.3666667938232,1.76666676998138,1197,122,76,14.7288246154785,358,258,287,279
-78.83826203,37.09258332,13.658332824707,12.9666662216187,37.4759140014648,820.816772460938,31,-3.59999990463257,34.5999984741211,23.033332824707,5.05000019073486,23.6833324432373,3.35000014305115,1099,107,78,9.6438398361206,299,247,292,252
-80.9826394,34.30697686,16.2416667938232,12.8000001907349,39.5061721801758,741.594787597656,32.2999992370605,-0.100000001490116,32.3999977111816,25.2666664123535,11.8166666030884,25.2666664123535,6.90000009536743,1184,119,75,16.6211585998535,345,251,345,296
-83.58021036,32.84851311,17.970832824707,13.3416662216187,41.6927108764648,721.272399902344,33.5999984741211,1.60000002384186,31.9999980926514,10.3833332061768,18.5666656494141,26.6666660308838,8.85000038146973,1175,129,66,19.9714870452881,370,225,304,346
-87.607831,32.253898,17.7416667938232,13.6833333969116,42.4948272705078,723.460205078125,33.2999992370605,1.10000002384186,32.2000007629395,10.2166662216187,22.9333343505859,26.3833332061768,8.61666679382324,1409,171,71,22.9424533843994,443,257,328,412
-84.82486328,35.47021891,14.4916667938232,13.1333332061768,38.6274490356445,808.876403808594,31.5,-2.5,34,5.94999980926514,20.25,24.3166656494141,4.31666660308838,1418,156,88,16.1646995544434,405,291,321,389
-83.93134286,35.07170978,13.470832824707,14.1083335876465,41.989086151123,756.449401855469,30.1000003814697,-3.5,33.5999984741211,5.43333339691162,14.1499996185303,22.6166667938232,3.9833333492279,1506,161,90,14.886791229248,443,308,374,414
-111.829516,33.488043,21.6708335876465,17.2083339691162,46.8891944885254,763.22119140625,40.5999984741211,3.90000009536743,36.6999969482422,14.0666666030884,24.8166656494141,31.1333332061768,12.6500005722046,249,33,2,46.3982772827148,83,16,58,78
-111.829184,34.89795,15.0458335876465,15.5916662216187,43.1902122497559,777.941528320312,34.9000015258789,-1.20000004768372,36.1000022888184,7.18333339691162,17.6666660308838,24.9333343505859,6.09999990463257,509,61,9,36.0645866394043,162,61,118,149
-101.446998,30.707242,18.1291675567627,15.5250005722046,43.2451286315918,777.242980957031,34.7999992370605,-1.10000002384186,35.8999977111816,23.5,8.18333339691162,27.2666664123535,8.18333339691162,448,78,15,51.4495162963867,182,51,132,51
-102.242925,30.990915,19.0125007629395,15.5250005722046,43.125,777.902587890625,35.7000007629395,-0.300000011920929,36,24.1833324432373,11.1999998092651,28.2999992370605,9.15000057220459,364,73,10,62.6929702758789,168,36,108,40
-102.873772,30.901998,18.466667175293,16.7999992370605,46.1538429260254,746.307067871094,35.7000007629395,-0.699999988079071,36.4000015258789,23.4333343505859,10.7666664123535,27.4500007629395,9,352,71,10,61.2147178649902,155,35,120,39
-104.127639,30.3362,15.7916669845581,18.1166667938232,51.1770248413086,663.283264160156,33,-2.40000009536743,35.4000015258789,22.716667175293,9.10000038146973,23.783332824707,7.55000019073486,407,77,8,77.9795379638672,220,29,198,34
-106.707024,32.336918,15.9166669845581,17.6833343505859,46.7813034057617,789.667175292969,34.9000015258789,-2.90000009536743,37.8000030517578,24.7000007629395,11.533332824707,25.7333335876465,6.31666660308838,267,61,5,74.47705078125,143,20,126,44
-111.585258,32.733692,21.1458339691162,18.6416664123535,47.7991485595703,804.483032226562,41.0999984741211,2.09999990463257,39,30.8500003814697,24.25,30.9333324432373,11.5166664123535,244,41,3,54.7868423461914,95,14,75,71
-119.621514,36.69363,17.1916656494141,14.6499996185303,42.711368560791,734.3544921875,36.5,2.20000004768372,34.2999992370605,10.3166666030884,26.1833343505859,26.1833343505859,8.3333330154419,297,57,0,86.6973571777344,168,4,4,149
-82.456096,38.33549,12.4583330154419,13.2666664123535,36.8518524169922,866.402770996094,30.5,-5.5,36,20.8500003814697,13.4499998092651,22.8999996185303,1.45000016689301,1093,125,74,16.4660663604736,329,238,322,241
-78.520787,38.112641,13.2749996185303,12.9499998092651,36.7897720336914,837.847595214844,31,-4.19999980926514,35.2000007629395,21.533332824707,2.76666665077209,23.5,2.76666665077209,1123,117,75,14.5557098388672,325,233,314,233
-90.08337915,34.43792247,16.0416660308838,12.0833330154419,35.8555908203125,814.317443847656,32.5999984741211,-1.10000002384186,33.6999969482422,15.9666662216187,21.7666664123535,25.8333339691162,5.68333339691162,1393,145,77,21.0235443115234,422,245,296,374
-86.932651,34.306403,15.3666667938232,13.1166667938232,39.5080337524414,772.65576171875,31.8999996185303,-1.29999995231628,33.2000007629395,7.23333358764648,20.9166660308838,24.716667175293,5.61666679382324,1475,168,87,18.2129802703857,434,291,316,412
-83.774627,36.072265,13.8083333969116,13.7666664123535,39.6733894348145,813.421020507812,31.1000003814697,-3.59999990463257,34.7000007629395,21.6499996185303,14.6000003814697,23.6666660308838,3.58333325386047,1208,122,72,14.0194654464722,338,249,322,303
-82.678635,36.902334,12.1374998092651,12.8416662216187,37.9930953979492,804.894470214844,29.1000003814697,-4.69999980926514,33.7999992370605,19.9166660308838,12.9833326339722,21.8500003814697,1.94999992847443,1138,114,76,11.2898664474487,324,250,309,268
-82.530223,40.35827,9.74166679382324,11.8166666030884,31.9369373321533,939.315124511719,28.3999996185303,-8.60000038146973,37,18.7999992370605,-2.31666684150696,20.9166660308838,-2.31666684150696,1013,110,57,20.8021507263184,318,191,308,191
-94.762925,34.67088667,16.0041675567627,13.408332824707,37.4534454345703,820.87939453125,33.5999984741211,-2.20000004768372,35.7999992370605,15.7666664123535,5.56666660308838,25.8833332061768,5.56666660308838,1293,173,66,24.95920753479,413,243,290,243
-95.41165333,35.69611667,15.6875,12.6416664123535,33.9829750061035,892.000122070312,33.7999992370605,-3.40000009536743,37.2000007629395,20.1666660308838,4.2999997138977,26.4166660308838,4.2999997138977,1094,136,48,30.6596851348877,354,177,255,177
-97.1107945,36.05801667,15.3083333969116,12.8333330154419,33.6832885742188,918.978759765625,34,-4.09999990463257,38.0999984741211,20.0166664123535,3.63333344459534,26.4166660308838,3.63333344459534,917,134,30,38.6080474853516,328,117,248,117
-96.482805,33.492273,17.2999992370605,12.4500007629395,35.470085144043,831.925476074219,34.4000015258789,-0.699999988079071,35.1000022888184,21.3833332061768,6.78333330154419,27.3500003814697,6.78333330154419,1050,149,50,33.0715827941895,351,184,228,184
-95.33799667,32.957825,17.5791664123535,13.1583337783813,38.2509689331055,790.705871582031,34.4000015258789,0,34.4000015258789,21.533332824707,26.6333332061768,27.1333332061768,7.65000009536743,1090,126,55,21.6387195587158,332,213,224,244
-93.21068667,31.699395,18.1958332061768,12.8916664123535,40.9259262084961,722.732971191406,33.5999984741211,2.09999990463257,31.4999980926514,9.05000019073486,23.3500003814697,26.8833332061768,9.05000019073486,1352,151,88,17.1429462432861,389,277,298,389
-82.421847,34.868421,15.6666669845581,12.6833333969116,38.4343452453613,767.920227050781,32,-1,33,7.58333349227905,16.1499996185303,25,6,1393,145,100,10.0627403259277,388,322,348,357
-80.005385,35.693922,14.9791669845581,12.9416666030884,38.7475051879883,773.173706054688,31.6000003814697,-1.79999995231628,33.4000015258789,24.4166660308838,10.3666667938232,24.4166660308838,5.21666669845581,1144,114,77,12.027304649353,325,252,325,275
-110.97971,31.85564,19.1791667938232,17.2583332061768,49.1690406799316,703.654296875,37,1.89999997615814,35.0999984741211,27.3999996185303,22.3166675567627,27.966667175293,10.8833332061768,364,80,5,75.1844482421875,192,22,159,80
