"ID","Population","Ecoregion","State","Cluster"
"JG_CO_011_L","p_011","8.3","AL","2"
"JG_CO_011_M","p_011","8.3","AL","2"
"JG_CO_011_P","p_011","8.3","AL","2"
"JG_CO_045_A","p_045","8.3","MS","3"
"JG_CO_045_C","p_045","8.3","MS","5"
"JG_CO_045_D","p_045","8.3","MS","5"
"JG_CO_045_E","p_045","8.3","MS","3"
"JG_CO_045_F","p_045","8.3","MS","3"
"JG_CO_045_G","p_045","8.3","MS","3"
"JG_CO_045_H","p_045","8.3","MS","5"
"JG_CO_045_I","p_045","8.3","MS","3"
"JG_CO_045_J","p_045","8.3","MS","5"
"JG_CO_045_K","p_045","8.3","MS","3"
"JG_CO_045_L","p_045","8.3","MS","3"
"JG_CO_049_A","p_049","13.1","AZ","2"
"JG_CO_049_B","p_049","13.1","AZ","2"
"JG_CO_049_C","p_049","13.1","AZ","2"
"JG_CO_054_A","p_054","8.3","TN","3"
"JG_CO_054_B","p_054","8.3","TN","3"
"JG_CO_054_C","p_054","8.3","TN","3"
"JG_CO_054_D","p_054","8.3","TN","3"
"JG_CO_054_E","p_054","8.3","TN","3"
"JG_CO_054_F","p_054","8.3","TN","3"
"JG_CO_054_G","p_054","8.3","TN","3"
"JG_CO_054_H","p_054","8.3","TN","3"
"JG_CO_054_I","p_054","8.3","TN","3"
"JG_CO_054_J","p_054","8.3","TN","3"
"JG_CO_054_K","p_054","8.3","TN","3"
"JG_CO_055_A","p_055","8.3","TN","3"
"JG_CO_055_B","p_055","8.3","TN","3"
"JG_CO_055_C","p_055","8.3","TN","2"
"JG_CO_055_D","p_055","8.3","TN","3"
"JG_CO_055_E","p_055","8.3","TN","3"
"JG_CO_055_F","p_055","8.3","TN","3"
"JG_CO_055_G","p_055","8.3","TN","3"
"JG_CO_055_H","p_055","8.3","TN","3"
"JG_CO_055_I","p_055","8.3","TN","3"
"JG_CO_055_K","p_055","8.3","TN","3"
"JG_CO_059_A","p_059","8.3","FL","2"
"JG_CO_059_B","p_059","8.3","FL","3"
"JG_CO_059_C","p_059","8.3","FL","3"
"JG_CO_059_D","p_059","8.3","FL","3"
"JG_CO_059_E","p_059","8.3","FL","3"
"JG_CO_059_F","p_059","8.3","FL","3"
"JG_CO_059_G","p_059","8.3","FL","3"
"JG_CO_059_H","p_059","8.3","FL","2"
"JG_CO_059_I","p_059","8.3","FL","3"
"JG_CO_059_J","p_059","8.3","FL","3"
"JG_CO_059_K","p_059","8.3","FL","2"
"JG_CO_059_L","p_059","8.3","FL","3"
"JG_CO_064_A","p_064","8.3","GA","3"
"JG_CO_064_B","p_064","8.3","GA","2"
"JG_CO_064_C","p_064","8.3","GA","3"
"JG_CO_064_D","p_064","8.3","GA","2"
"JG_CO_064_E","p_064","8.3","GA","3"
"JG_CO_064_F","p_064","8.3","GA","3"
"JG_CO_064_G","p_064","8.3","GA","3"
"JG_CO_064_H","p_064","8.3","GA","3"
"JG_CO_064_I","p_064","8.3","GA","3"
"JG_CO_064_J","p_064","8.3","GA","2"
"JG_CO_064_K","p_064","8.3","GA","2"
"JG_CO_064_L","p_064","8.3","GA","3"
"JG_CO_069_A","p_069","9.4","TX","5"
"JG_CO_069_B","p_069","9.4","TX","5"
"JG_CO_069_C","p_069","9.4","TX","5"
"JG_CO_069_D","p_069","9.4","TX","5"
"JG_CO_069_E","p_069","9.4","TX","5"
"JG_CO_080_B","p_080","10.2","TX","3"
"JG_CO_080_C","p_080","10.2","TX","4"
"JG_CO_080_D1","p_080","10.2","TX","2"
"JG_CO_089_A","p_089","11.1","CA","2"
"JG_CO_089_B","p_089","11.1","CA","2"
"JG_CO_089_D","p_089","11.1","CA","2"
"JG_CO_092_A","p_092","11.1","CA","2"
"JG_CO_092_B","p_092","11.1","CA","2"
"JG_CO_092_C","p_092","11.1","CA","2"
"JG_CO_092_D","p_092","11.1","CA","2"
"JG_CO_092_E","p_092","11.1","CA","2"
"JG_CO_092_F","p_092","11.1","CA","2"
"JG_CO_093_A","p_093","11.1","CA","2"
"JG_CO_093_B","p_093","11.1","CA","2"
"JG_CO_093_C","p_093","11.1","CA","5"
"JG_CO_093_E","p_093","11.1","CA","2"
"JG_CO_095_A","p_095","11.1","CA","2"
"JG_CO_095_B","p_095","11.1","CA","2"
"JG_CO_095_D","p_095","11.1","CA","2"
"JG_CO_095_E","p_095","11.1","CA","2"
"JG_CO_098_A","p_098","11.1","CA","2"
"JG_CO_098_B","p_098","11.1","CA","2"
"JG_CO_098_C","p_098","11.1","CA","2"
"JG_CO_098_F","p_098","11.1","CA","2"
"JG_CO_102_A","p_102","11.1","CA","2"
"JG_CO_102_B","p_102","11.1","CA","1"
"JG_CO_102_E","p_102","11.1","CA","1"
"JG_CO_102_F","p_102","11.1","CA","5"
"JG_CO_104_A","p_104","11.1","CA","1"
"JG_CO_104_B","p_104","11.1","CA","1"
"JG_CO_104_C","p_104","11.1","CA","1"
"JG_CO_104_D","p_104","11.1","CA","1"
"JG_CO_104_E","p_104","11.1","CA","4"
"JG_CO_106_A","p_106","10.2","UT","1"
"JG_CO_106_B","p_106","10.2","UT","1"
"JG_CO_106_D","p_106","10.2","UT","1"
"JG_CO_106_F","p_106","10.2","UT","1"
"JG_CO_107_A","p_107","9.4","KS","2"
"JG_CO_107_B","p_107","9.4","KS","4"
"JG_CO_107_C","p_107","9.4","KS","1"
"JG_CO_107_D","p_107","9.4","KS","4"
"JG_CO_107_E","p_107","9.4","KS","4"
"JG_CO_108_B","p_108","9.4","KS","1"
"JG_CO_108_D","p_108","9.4","KS","1"
"JG_CO_108_E","p_108","9.4","KS","1"
"JG_CO_108_F","p_108","9.4","KS","1"
"JG_CO_109_A","p_109","9.4","KS","1"
"JG_CO_109_B","p_109","9.4","KS","1"
"JG_CO_109_C","p_109","9.4","KS","1"
"JG_CO_109_E","p_109","9.4","KS","5"
"JG_CO_110_A","p_110","9.4","KS","5"
"JG_CO_110_B","p_110","9.4","KS","5"
"JG_CO_110_C","p_110","9.4","KS","5"
"JG_CO_110_D","p_110","9.4","KS","5"
"JG_CO_110_E","p_110","9.4","KS","5"
"JG_CO_118_B","p_118","9.2","MO","1"
"JG_CO_118_C","p_118","9.2","MO","1"
"JG_CO_118_E","p_118","9.2","MO","4"
"JG_CO_120_A","p_120","8.4","MO","1"
"JG_CO_120_C","p_120","8.4","MO","4"
"JG_CO_120_D","p_120","8.4","MO","4"
"JG_CO_120_E","p_120","8.4","MO","1"
"JG_CO_122_A","p_122","8.4","MO","1"
"JG_CO_122_B","p_122","8.4","MO","4"
"JG_CO_122_C","p_122","8.4","MO","4"
"JG_CO_122_D","p_122","8.4","MO","1"
"JG_CO_122_E","p_122","8.4","MO","1"
"JG_CO_124_A","p_124","8.4","AR","1"
"JG_CO_124_B","p_124","8.4","AR","1"
"JG_CO_124_C","p_124","8.4","AR","1"
"JG_CO_124_D","p_124","8.4","AR","1"
"JG_CO_124_E","p_124","8.4","AR","1"
"JG_CO_125_A","p_125","8.5","AR","4"
"JG_CO_125_B","p_125","8.5","AR","4"
"JG_CO_125_C","p_125","8.5","AR","1"
"JG_CO_125_D","p_125","8.5","AR","1"
"JG_CO_126_A","p_126","8.4","WV","1"
"JG_CO_126_B","p_126","8.4","WV","4"
"JG_CO_126_D","p_126","8.4","WV","2"
"JG_CO_128_B","p_128","8.4","WV","2"
"JG_CO_128_C","p_128","8.4","WV","5"
"JG_CO_128_D","p_128","8.4","WV","2"
"JG_CO_131_A","p_131","8.3","VA","5"
"JG_CO_131_B","p_131","8.3","VA","2"
"JG_CO_131_C","p_131","8.3","VA","5"
"JG_CO_131_D","p_131","8.3","VA","4"
"JG_CO_131_E","p_131","8.3","VA","4"
"JG_CO_132_C","p_132","9.4","NE","5"
"JG_CO_132_D","p_132","9.4","NE","5"
"JG_CO_132_E","p_132","9.4","NE","5"
"JG_CO_132_F","p_132","9.4","NE","5"
"JG_CO_132_G","p_132","9.4","NE","5"
"JG_CO_132_I","p_132","9.4","NE","5"
"JG_CO_132_J","p_132","9.4","NE","5"
"JG_CO_150_C","p_150","8.3","MS","4"
"JG_CO_150_D","p_150","8.3","MS","4"
"JG_CO_150_E","p_150","8.3","MS","5"
"JG_CO_150_H","p_150","8.3","MS","4"
"JG_CO_150_I","p_150","8.3","MS","4"
"JG_CO_188_B","p_188","8.4","AL","4"
"JG_CO_188_C","p_188","8.4","AL","4"
"JG_CO_188_D","p_188","8.4","AL","2"
"JG_CO_194_A","p_194","8.2","IN","5"
"JG_CO_194_B","p_194","8.2","IN","5"
"JG_CO_194_C","p_194","8.2","IN","5"
"JG_CO_194_F","p_194","8.2","IN","5"
"JG_CO_194_G","p_194","8.2","IN","2"
"JG_CO_194_I","p_194","8.2","IN","2"
"JG_CO_197_A","p_197","8.3","IN","2"
"JG_CO_197_B","p_197","8.3","IN","5"
"JG_CO_197_C","p_197","8.3","IN","5"
"JG_CO_197_D","p_197","8.3","IN","5"
"JG_CO_197_E","p_197","8.3","IN","5"
"JG_CO_197_F","p_197","8.3","IN","5"
"JG_CO_197_G","p_197","8.3","IN","5"
"JG_CO_197_H","p_197","8.3","IN","5"
"JG_CO_197_I","p_197","8.3","IN","5"
"JG_CO_199_A","p_199","8.3","KY","2"
"JG_CO_199_B","p_199","8.3","KY","5"
"JG_CO_199_C","p_199","8.3","KY","2"
"JG_CO_199_D","p_199","8.3","KY","5"
"JG_CO_199_E","p_199","8.3","KY","5"
"JG_CO_204_A","p_204","8.4","TN","2"
"JG_CO_204_B","p_204","8.4","TN","2"
"JG_CO_204_C","p_204","8.4","TN","5"
"JG_CO_204_D","p_204","8.4","TN","5"
"JG_CO_206_A","p_206","8.4","VA","4"
"JG_CO_206_B","p_206","8.4","VA","3"
"JG_CO_206_C","p_206","8.4","VA","2"
"JG_CO_206_D","p_206","8.4","VA","5"
"JG_CO_206_E","p_206","8.4","VA","2"
"JG_CO_207_A","p_207","8.1","OH","2"
"JG_CO_207_B","p_207","8.1","OH","2"
"JG_CO_207_C","p_207","8.1","OH","3"
"JG_CO_207_D","p_207","8.1","OH","3"
"JG_CO_207_E","p_207","8.1","OH","3"
"JG_CO_215_A","p_215","8.4","OK","5"
"JG_CO_215_B","p_215","8.4","OK","5"
"JG_CO_215_C","p_215","8.4","OK","5"
"JG_CO_215_D","p_215","8.4","OK","5"
"JG_CO_215_E","p_215","8.4","OK","4"
"JG_CO_218_B","p_218","9.2","OK","5"
"JG_CO_218_C","p_218","9.2","OK","5"
"JG_CO_218_D","p_218","9.2","OK","3"
"JG_CO_218_G","p_218","9.2","OK","5"
"JG_CO_218_H","p_218","9.2","OK","5"
"JG_CO_220_C","p_220","9.4","OK","2"
"JG_CO_220_D","p_220","9.4","OK","2"
"JG_CO_220_E","p_220","9.4","OK","5"
"JG_CO_223_A","p_223","9.4","TX","5"
"JG_CO_223_C","p_223","9.4","TX","2"
"JG_CO_223_D","p_223","9.4","TX","5"
"JG_CO_223_F","p_223","9.4","TX","5"
"JG_CO_224_A","p_224","8.3","TX","5"
"JG_CO_224_B","p_224","8.3","TX","4"
"JG_CO_224_C","p_224","8.3","TX","5"
"JG_CO_224_E","p_224","8.3","TX","4"
"JG_CO_224_F","p_224","8.3","TX","4"
"JG_CO_225_A","p_225","8.3","LA","4"
"JG_CO_225_D","p_225","8.3","LA","2"
"JG_CO_225_F","p_225","8.3","LA","4"
"JG_CO_229_A","p_229","8.3","SC","4"
"JG_CO_229_C","p_229","8.3","SC","4"
"JG_CO_229_D","p_229","8.3","SC","4"
"JG_CO_229_E","p_229","8.3","SC","4"
"JG_CO_230_A","p_230","8.3","NC","4"
"JG_CO_230_B","p_230","8.3","NC","4"
"JG_CO_230_C","p_230","8.3","NC","4"
"JG_CO_230_E","p_230","8.3","NC","2"
"JG_CO_230_F","p_230","8.3","NC","4"
"JG_CO_232_A","p_232","8.3","VA","5"
"JG_CO_232_B","p_232","8.3","VA","5"
"JG_CO_232_C","p_232","8.3","VA","4"
"JG_CO_232_F","p_232","8.3","VA","5"
"JG_CO_235_A","p_235","8.3","SC","4"
"JG_CO_235_B","p_235","8.3","SC","1"
"JG_CO_235_C","p_235","8.3","SC","1"
"JG_CO_235_D","p_235","8.3","SC","1"
"JG_CO_235_E","p_235","8.3","SC","1"
"JG_CO_239_A","p_239","8.3","GA","1"
"JG_CO_239_B","p_239","8.3","GA","1"
"JG_CO_239_C","p_239","8.3","GA","4"
"JG_CO_241_A","p_241","8.3","AL","1"
"JG_CO_241_C","p_241","8.3","AL","1"
"JG_CO_241_E","p_241","8.3","AL","1"
"JG_CO_241_F","p_241","8.3","AL","1"
"JG_CO_242_A","p_242","8.4","TN","1"
"JG_CO_242_C","p_242","8.4","TN","1"
"JG_CO_242_D","p_242","8.4","TN","5"
"JG_CO_242_E","p_242","8.4","TN","1"
"JG_CO_243_A","p_243","8.4","NC","1"
"JG_CO_243_B","p_243","8.4","NC","1"
"JG_CO_243_C","p_243","8.4","NC","1"
"JG_CO_243_D","p_243","8.4","NC","1"
"JG_CO_243_E","p_243","8.4","NC","1"
"JG_CO_243_F","p_243","8.4","NC","1"
"JG_CO_244_A","p_244","10.2","AZ","2"
"JG_CO_244_B","p_244","10.2","AZ","4"
"JG_CO_244_C","p_244","10.2","AZ","4"
"JG_CO_244_E","p_244","10.2","AZ","4"
"JG_CO_244_F","p_244","10.2","AZ","4"
"JG_CO_245_A","p_245","13.1","AZ","4"
"JG_CO_245_B","p_245","13.1","AZ","4"
"JG_CO_245_E","p_245","13.1","AZ","4"
"JG_CO_246_A1","p_246","10.2","AZ","4"
"JG_CO_246_B","p_246","10.2","AZ","4"
"JG_CO_246_C2","p_246","10.2","AZ","5"
